,City,Latitude,Longitude,Max Temp,Humidity,Cloudiness,Wind Speed,Country,Date
0,coihaique,-45.5752,-72.0662,55.42,86,100,4.52,CL,1614569485
1,ustka,54.5805,16.8619,37.17,90,2,9.06,PL,1614569486
2,hilo,19.7297,-155.09,69.8,83,90,9.22,US,1614569415
3,tatarsk,55.219,75.9828,8.64,95,100,11.56,RU,1614569487
4,mataura,-46.1927,168.8643,70.0,75,53,11.01,NZ,1614569488
5,atuona,-9.8,-139.0333,80.35,77,47,16.42,PF,1614569488
6,avarua,-21.2078,-159.775,84.2,79,75,11.5,CK,1614569488
7,bethel,41.3712,-73.414,37.0,95,100,5.68,US,1614569488
8,saldanha,-33.0117,17.9442,57.2,88,92,4.61,ZA,1614569489
9,forbes,-33.3833,148.0167,96.01,10,41,5.01,AU,1614569489
10,punta arenas,-53.15,-70.9167,41.0,65,0,4.61,CL,1614569489
11,soyo,-6.1349,12.3689,79.7,86,100,10.8,AO,1614569490
12,bredasdorp,-34.5322,20.0403,68.0,88,36,4.61,ZA,1614569490
13,jining,35.405,116.5814,35.85,89,100,15.28,CN,1614569491
14,junin,-34.5838,-60.9433,72.0,89,0,9.8,AR,1614569491
15,makurdi,7.7411,8.5121,73.89,73,5,5.1,NG,1614569491
16,cap malheureux,-19.9842,57.6142,82.0,73,1,4.0,MU,1614569491
17,hermanus,-34.4187,19.2345,72.0,83,0,3.0,ZA,1614569492
18,mitsamiouli,-11.3847,43.2844,80.92,76,19,8.12,KM,1614569492
19,faanui,-16.4833,-151.75,82.6,75,100,6.33,PF,1614569492
20,isla mujeres,21.2311,-86.731,80.01,78,40,13.8,MX,1614569493
21,punta cardon,11.6581,-70.215,76.46,78,4,17.96,VE,1614569493
22,busselton,-33.65,115.3333,71.01,63,100,5.99,AU,1614569493
23,bengkulu,-3.8004,102.2655,86.77,57,22,5.41,ID,1614569493
24,timra,62.487,17.3257,39.99,75,100,5.75,SE,1614569494
25,albany,42.6001,-73.9662,37.99,75,100,1.99,US,1614569408
26,tevriz,57.509,72.4042,-2.25,92,97,6.4,RU,1614569494
27,rio grande,-32.035,-52.0986,73.99,84,42,5.01,BR,1614569495
28,ushuaia,-54.8,-68.3,44.6,61,40,4.61,AR,1614569448
29,kahului,20.8947,-156.47,73.4,78,40,14.97,US,1614569495
30,mocuba,-16.8392,36.9856,69.58,98,65,4.83,MZ,1614569495
31,thompson,55.7435,-97.8558,-14.8,64,1,9.22,CA,1614569495
32,lebu,-37.6167,-73.65,59.52,91,55,18.54,CL,1614569496
33,nikolskoye,59.7035,30.7861,34.0,93,0,8.95,RU,1614569496
34,tongliao,43.6125,122.2653,18.25,42,100,10.98,CN,1614569496
35,ahipara,-35.1667,173.1667,69.03,83,81,7.61,NZ,1614569497
36,zhigansk,66.7697,123.3711,-18.76,85,100,5.39,RU,1614569497
37,dingle,10.9995,122.6711,85.08,64,70,9.75,PH,1614569497
38,benjamin constant,-4.3831,-70.0311,75.2,100,75,0.47,BR,1614569498
39,cidreira,-30.1811,-50.2056,74.03,88,25,17.38,BR,1614569498
40,osorio,-29.8867,-50.2697,72.0,86,66,6.64,BR,1614569498
41,kaitangata,-46.2817,169.8464,66.0,84,87,10.0,NZ,1614569499
42,barrow,71.2906,-156.7887,-11.2,77,90,6.91,US,1614569499
43,tiksi,71.6872,128.8694,-27.85,86,100,4.99,RU,1614569499
44,dafeng,23.4517,108.5881,77.02,67,88,8.59,CN,1614569500
45,esperance,-33.8667,121.9,68.0,68,90,16.11,AU,1614569500
46,saint anthony,45.0205,-93.218,19.4,68,1,11.5,US,1614569500
47,cape town,-33.9258,18.4232,66.99,77,0,5.75,ZA,1614569482
48,jamestown,42.097,-79.2353,42.01,95,90,11.21,US,1614569474
49,sioux lookout,50.1001,-91.917,3.2,66,90,17.27,CA,1614569501
50,chokurdakh,70.6333,147.9167,-24.63,85,0,5.44,RU,1614569503
51,berlevag,70.8578,29.0864,37.08,83,98,32.99,NO,1614569504
52,liverpool,53.4106,-2.9779,39.99,93,0,3.44,GB,1614569504
53,georgetown,5.4112,100.3354,86.0,69,20,4.61,MY,1614569400
54,patacamaya,-17.2333,-67.9167,46.22,87,24,7.9,BO,1614569505
55,ancud,-41.8697,-73.8203,59.0,94,0,3.44,CL,1614569505
56,qaanaaq,77.484,-69.3632,-4.05,78,100,2.24,GL,1614569505
57,torbay,47.6666,-52.7314,32.0,100,90,13.8,CA,1614569506
58,port elizabeth,-33.918,25.5701,68.0,88,0,12.66,ZA,1614569504
59,hithadhoo,-0.6,73.0833,83.01,61,100,8.55,MV,1614569506
60,saskylakh,71.9167,114.0833,-24.16,85,98,6.85,RU,1614569507
61,grand gaube,-20.0064,57.6608,82.0,73,2,4.0,MU,1614569507
62,castro,-24.7911,-50.0119,61.92,92,100,11.1,BR,1614569466
63,arraial do cabo,-22.9661,-42.0278,76.66,86,100,13.51,BR,1614569451
64,rikitea,-23.1203,-134.9692,78.39,79,48,11.83,PF,1614569508
65,victoria,22.2855,114.1577,73.0,79,77,1.01,HK,1614569464
66,pemangkat,1.1667,108.9667,84.06,66,29,6.91,ID,1614569508
67,omsukchan,62.5333,155.8,-19.88,82,100,8.05,RU,1614569253
68,pisco,-13.7,-76.2167,73.4,83,0,3.44,PE,1614569509
69,san juan de uraba,8.7592,-76.5297,79.54,79,91,5.77,CO,1614569509
70,upernavik,72.7868,-56.1549,3.47,93,100,23.47,GL,1614569510
71,pangody,65.85,74.4859,-16.28,95,100,12.3,RU,1614569510
72,port alfred,-33.5906,26.891,69.64,79,5,23.51,ZA,1614569510
73,alencon,48.4333,0.0833,37.4,81,0,3.44,FR,1614569510
74,kodiak,57.79,-152.4072,26.6,36,1,14.97,US,1614569511
75,airai,-8.9266,125.4092,67.5,100,86,2.42,TL,1614569511
76,san juan,-31.5375,-68.5364,84.43,37,52,4.18,AR,1614569512
77,yuancheng,36.652,107.7896,34.72,44,23,8.14,CN,1614569512
78,utete,-7.986,38.758,75.16,96,100,2.84,TZ,1614569512
79,santo antonio de padua,-21.5394,-42.1803,68.9,94,100,1.77,BR,1614569357
80,mahebourg,-20.4081,57.7,75.2,88,40,3.44,MU,1614569513
81,tasiilaq,65.6145,-37.6368,17.6,79,1,10.36,GL,1614569513
82,vaini,-21.2,-175.2,82.4,74,75,4.61,TO,1614569513
83,lorengau,-2.0226,147.2712,85.01,70,67,8.99,PG,1614569513
84,husavik,66.0449,-17.3389,41.0,52,40,12.66,IS,1614569513
85,atar,20.5169,-13.0499,58.48,32,0,8.48,MR,1614569513
86,aklavik,68.2191,-135.0107,-34.6,67,63,6.91,CA,1614569514
87,hobart,-42.8794,147.3294,71.01,55,75,4.61,AU,1614569405
88,ilulissat,69.2167,-51.1,1.4,92,75,25.32,GL,1614569514
89,verkhoyansk,67.5447,133.385,-24.25,80,69,1.9,RU,1614569515
90,kerman,30.2832,57.0788,33.8,86,0,4.61,IR,1614569515
91,renqiu,38.6989,116.0936,33.26,68,100,6.08,CN,1614569515
92,dikson,73.5069,80.5464,-14.28,86,100,23.87,RU,1614569516
93,diamantino,-14.4086,-56.4461,71.28,96,36,5.5,BR,1614569516
94,betanzos,43.2804,-8.2147,45.0,100,12,4.61,ES,1614569517
95,elizabeth city,36.2946,-76.2511,68.0,82,1,12.66,US,1614569220
96,tilichiki,60.4667,166.1,-9.45,88,100,14.12,RU,1614569518
97,nakhodka,42.8333,132.8947,23.16,88,100,11.07,RU,1614569518
98,butaritari,3.0707,172.7902,80.71,81,100,15.3,KI,1614569518
99,bella union,-30.2752,-57.6007,73.17,67,0,13.33,UY,1614569518
100,adrar,20.5022,-10.0711,57.38,35,0,9.91,MR,1614569519
101,port-gentil,-0.7193,8.7815,81.52,81,100,12.19,GA,1614569519
102,souillac,-20.5167,57.5167,75.2,88,40,3.44,MU,1614569520
103,yellowknife,62.456,-114.3525,-17.0,63,75,9.22,CA,1614569520
104,bluff,-46.6,168.3333,70.0,75,47,11.01,NZ,1614569520
105,new norfolk,-42.7826,147.0587,71.01,54,56,1.01,AU,1614569520
106,chuy,-33.6971,-53.4616,68.74,87,12,9.13,UY,1614569521
107,heilbronn,49.1403,9.22,30.99,90,0,4.79,DE,1614569521
108,hailar,49.2,119.7,0.1,86,11,4.65,CN,1614569521
109,saint-philippe,-21.3585,55.7679,78.8,61,0,8.05,RE,1614569522
110,takoradi,4.8845,-1.7554,78.04,89,77,8.43,GH,1614569522
111,tura,25.5198,90.2201,83.23,30,0,4.5,IN,1614569522
112,tuktoyaktuk,69.4541,-133.0374,-34.6,67,20,2.3,CA,1614569523
113,portland,45.5234,-122.6762,50.0,61,1,2.53,US,1614569430
114,chara,56.9064,118.2631,-15.34,63,31,1.34,RU,1614569523
115,beringovskiy,63.05,179.3167,-3.46,94,100,31.09,RU,1614569523
116,monte patria,-30.6919,-70.9467,61.5,70,0,0.83,CL,1614569524
117,puerto ayora,-0.7393,-90.3518,79.0,91,100,2.73,EC,1614569329
118,mansa,29.9833,75.3833,73.74,18,0,2.77,IN,1614569524
119,camacha,33.0833,-16.3333,59.0,72,40,11.5,PT,1614569524
120,nantucket,41.2835,-70.0995,39.0,96,100,20.13,US,1614569525
121,kalmunai,7.4167,81.8167,81.21,61,0,3.27,LK,1614569525
122,svetlaya,46.5389,138.3297,17.92,78,100,7.99,RU,1614569525
123,kirakira,-10.4544,161.9205,83.77,79,91,8.99,SB,1614569525
124,kapaa,22.0752,-159.319,75.2,64,1,25.32,US,1614569525
125,malangwa,26.8568,85.5581,77.32,31,0,9.57,NP,1614569526
126,carnarvon,-24.8667,113.6333,82.4,61,40,12.66,AU,1614569526
127,kerrville,30.0474,-99.1403,62.01,72,90,9.22,US,1614569374
128,avera,33.194,-82.5271,71.6,73,1,8.05,US,1614569526
129,dakar,14.6937,-17.4441,62.6,94,0,13.8,SN,1614569527
130,namatanai,-3.6667,152.4333,84.27,69,100,8.3,PG,1614569527
131,nuuk,64.1835,-51.7216,8.6,72,90,8.05,GL,1614569528
132,mpika,-11.8343,31.4529,62.82,98,100,6.58,ZM,1614569529
133,dwarka,22.2394,68.9678,77.13,55,0,11.95,IN,1614569529
134,constitucion,-35.3333,-72.4167,64.29,60,0,8.66,CL,1614569529
135,meulaboh,4.1363,96.1285,86.43,63,70,0.92,ID,1614569530
136,kytmanovo,53.4593,85.4479,24.01,98,100,11.56,RU,1614569530
137,niksic,42.7731,18.9445,48.2,80,0,1.14,ME,1614569530
138,pokrovsk,48.282,37.1758,30.25,99,99,5.19,UA,1614569531
139,stromness,58.965,-3.296,42.8,87,90,6.91,GB,1614569531
140,leningradskiy,69.3833,178.4167,-19.88,87,48,2.42,RU,1614569531
141,guerrero negro,27.9769,-114.0611,60.06,24,0,5.77,MX,1614569527
142,sao joao da barra,-21.6403,-41.0511,74.86,89,100,3.96,BR,1614569532
143,narsaq,60.9167,-46.05,26.6,74,90,2.3,GL,1614569533
144,novoagansk,61.9449,76.6625,-14.98,88,0,6.04,RU,1614569533
145,iqaluit,63.7506,-68.5145,-14.8,58,90,16.11,CA,1614569533
146,crotone,39.0851,17.1178,43.0,78,0,15.68,IT,1614569534
147,emerald,-23.5333,148.1667,89.6,45,40,9.22,AU,1614569489
148,dunedin,-45.8742,170.5036,63.0,86,91,28.99,NZ,1614569521
149,shingu,33.7333,135.9833,64.4,45,75,14.97,JP,1614569534
150,myitkyina,25.3833,97.4,79.52,38,19,2.86,MM,1614569535
151,chapais,49.7834,-74.8492,26.6,86,90,16.11,CA,1614569535
152,san rafael,-34.6177,-68.3301,78.55,43,0,7.72,AR,1614569519
153,coquimbo,-29.9533,-71.3436,60.8,88,90,2.3,CL,1614569269
154,sarkand,45.41,79.9186,37.36,76,83,1.1,KZ,1614569535
155,codrington,-38.2667,141.9667,59.88,68,39,18.72,AU,1614569536
156,barmer,25.75,71.3833,76.01,17,0,4.16,IN,1614569536
157,otavalo,0.2333,-78.2667,55.4,100,90,2.3,EC,1614569537
158,trelew,-43.249,-65.3051,74.52,33,2,10.54,AR,1614569537
159,arbazh,57.6804,48.3065,-7.92,91,6,0.65,RU,1614569537
160,vestmannaeyjar,63.4427,-20.2734,41.43,67,99,15.48,IS,1614569538
161,acucena,-19.0731,-42.5464,66.15,98,97,2.66,BR,1614569538
162,ribeira grande,38.5167,-28.7,56.77,65,1,13.71,PT,1614569538
163,east london,-33.0153,27.9116,69.85,74,1,21.85,ZA,1614569538
164,seminole,28.7086,-81.2081,75.99,88,20,10.36,US,1614569538
165,salalah,17.0151,54.0924,71.6,64,0,2.3,OM,1614569539
166,dengfeng,34.4553,113.0281,37.94,90,100,4.18,CN,1614569539
167,uri,34.0833,74.0333,52.65,54,0,5.86,IN,1614569539
168,port hedland,-20.3167,118.5667,91.4,55,23,13.8,AU,1614569540
169,markova,48.6758,24.4138,33.21,94,100,5.64,UA,1614569540
170,martapura,-3.4167,114.85,86.0,70,40,5.75,ID,1614569541
171,richards bay,-28.783,32.0377,66.07,75,83,5.44,ZA,1614569296
172,talnakh,69.4865,88.3972,-30.91,92,17,9.48,RU,1614569541
173,sretensk,52.2453,117.7093,0.54,85,73,1.95,RU,1614569541
174,havelock,34.8791,-76.9013,66.99,100,90,17.27,US,1614569543
175,egvekinot,66.3167,-179.1667,-17.23,87,100,15.77,RU,1614569543
176,praya,14.9215,-23.5087,66.2,59,75,18.41,CV,1614569544
177,denpasar,-8.65,115.2167,84.2,74,20,8.05,ID,1614569545
178,pochutla,15.7432,-96.4661,75.99,90,0,1.01,MX,1614569545
179,severo-yeniseyskiy,60.3725,93.0408,-12.39,85,20,0.81,RU,1614569546
180,celestun,20.8667,-90.4,79.39,72,6,17.22,MX,1614569546
181,altay,47.8667,88.1167,19.94,86,100,2.73,CN,1614569546
182,mnogovershinnyy,53.9353,139.9242,-6.41,84,60,12.53,RU,1614569547
183,khatanga,71.9667,102.5,-27.67,96,94,2.46,RU,1614569547
184,pokosnoye,55.5258,101.0536,2.66,91,99,4.34,RU,1614569547
185,manadhoo,5.7667,73.3833,82.09,64,44,4.36,MV,1614569547
186,tocopilla,-22.092,-70.1979,69.04,69,2,2.91,CL,1614569548
187,feldbach,46.9531,15.8883,33.01,93,0,1.14,AT,1614569548
188,klaksvik,62.2266,-6.589,46.4,100,90,11.5,FO,1614569548
189,opuwo,-18.0607,13.84,69.3,62,58,8.05,NA,1614569549
190,severo-kurilsk,50.6789,156.125,26.82,91,93,21.59,RU,1614569549
191,svetlyy,54.675,20.1347,34.0,100,90,11.18,RU,1614569550
192,ukiah,39.1502,-123.2078,59.0,44,1,0.87,US,1614569402
193,flinders,-34.5833,150.8552,89.01,63,1,5.99,AU,1614569550
194,casa nova,-9.4167,-41.1333,82.4,54,0,11.5,BR,1614569551
195,dodge city,37.7528,-100.0171,28.99,54,1,4.61,US,1614569551
196,busayra,30.7376,35.6078,42.06,86,0,4.36,JO,1614569551
197,cayenne,4.9333,-52.3333,77.0,88,75,9.8,GF,1614569551
198,los llanos de aridane,28.6585,-17.9182,60.8,67,0,6.91,ES,1614569552
199,pevek,69.7008,170.3133,-21.37,88,0,3.53,RU,1614569552
200,tucuman,-26.8241,-65.2226,75.2,88,75,9.22,AR,1614569359
201,san borja,-14.8167,-66.85,75.87,79,17,2.48,BO,1614569431
202,comodoro rivadavia,-45.8667,-67.5,77.0,41,0,21.85,AR,1614569552
203,limoeiro do ajuru,-1.8953,-49.3806,75.99,89,97,6.11,BR,1614569553
204,ofaqim,31.3141,34.6203,46.99,100,84,5.91,IL,1614569553
205,kuopio,62.8924,27.677,35.6,80,0,6.91,FI,1614569364
206,yulara,-25.2406,130.9889,98.6,12,6,11.5,AU,1614569553
207,tukums,56.9669,23.1553,26.6,100,0,3.44,LV,1614569554
208,provideniya,64.3833,-173.3,-4.0,77,90,20.13,RU,1614569554
209,hovd,48.0056,91.6419,17.62,65,98,2.26,MN,1614569554
210,alofi,-19.0595,-169.9187,80.6,19,90,4.61,NU,1614569555
211,atasu,48.6814,71.6433,30.63,99,100,21.94,KZ,1614569555
212,never,46.9896,3.159,39.2,81,0,10.36,FR,1614569555
213,marienburg,54.0359,19.0266,35.01,100,0,3.91,PL,1614569556
214,suoyarvi,62.0833,32.35,34.18,96,100,9.78,RU,1614569556
215,cherskiy,68.75,161.3,-14.48,81,0,3.11,RU,1614569556
216,gazli,40.1333,63.45,45.14,55,0,9.57,UZ,1614569557
217,tahta,26.7693,31.5021,51.8,54,0,6.91,EG,1614569558
218,turbat,26.0023,63.044,70.16,15,0,13.49,PK,1614569558
219,hasaki,35.7333,140.8333,64.0,48,75,11.5,JP,1614569559
220,fort nelson,58.8053,-122.7002,-4.0,77,75,3.44,CA,1614569409
221,havre,49.5833,0.3333,39.2,87,0,8.05,FR,1614569561
222,ostersund,63.1792,14.6357,39.2,65,90,23.02,SE,1614569294
223,qaqortoq,60.7167,-46.0333,26.6,74,90,2.3,GL,1614569561
224,sorland,67.667,12.6934,41.09,69,77,34.69,NO,1614569561
225,lloydminster,53.2835,-110.0016,6.8,78,90,18.41,CA,1614569562
226,maragogi,-9.0122,-35.2225,77.63,82,2,5.46,BR,1614569562
227,ponta do sol,32.6667,-17.1,57.99,58,34,1.99,PT,1614569562
228,clyde river,70.4692,-68.5914,-25.6,51,1,11.5,CA,1614569562
229,kelso,46.1468,-122.9084,46.4,81,1,1.36,US,1614569563
230,ballina,-28.8667,153.5667,86.0,69,69,10.36,AU,1614569563
231,cabo san lucas,22.8909,-109.9124,68.0,77,90,2.3,MX,1614569414
232,imbituba,-28.24,-48.6703,71.6,94,75,3.44,BR,1614569563
233,turayf,31.6725,38.6637,42.8,100,0,4.61,SA,1614569564
234,bazarnyye mataki,54.8833,49.9333,-8.27,91,58,6.78,RU,1614569564
235,lapinigan,8.4206,125.9825,90.75,43,91,4.7,PH,1614569564
236,road town,18.4167,-64.6167,77.0,80,0,20.0,VG,1614569565
237,san lawrenz,36.0553,14.204,57.2,72,75,9.22,MT,1614569565
238,tazovskiy,67.4667,78.7,-18.47,87,100,13.96,RU,1614569565
239,vestmanna,62.1564,-7.1664,46.4,100,90,11.5,FO,1614569565
240,morro bay,35.3658,-120.8499,51.01,59,0,2.57,US,1614569566
241,korla,41.7597,86.1469,35.17,80,30,10.89,CN,1614569566
242,champerico,14.3,-91.9167,66.99,93,17,7.07,GT,1614569566
243,mishelevka,52.8575,103.1719,3.15,86,18,3.6,RU,1614569567
244,batticaloa,7.7102,81.6924,79.36,65,0,1.92,LK,1614569567
245,fuyang,32.9,115.8167,46.9,77,100,17.9,CN,1614569567
246,san policarpo,12.1791,125.5072,82.6,76,100,10.71,PH,1614569568
247,mormugao,15.4,73.8,78.8,89,10,9.22,IN,1614569568
248,fare,-16.7,-151.0167,82.81,75,100,8.84,PF,1614569568
249,darab,28.7519,54.5444,55.53,37,0,2.98,IR,1614569568
250,fairbanks,64.8378,-147.7164,0.0,78,90,1.07,US,1614569569
251,udachnyy,66.4167,112.4,-30.41,76,80,4.47,RU,1614569569
252,anadyr,64.75,177.4833,-2.0,60,20,17.9,RU,1614569569
253,nuevo ideal,24.8875,-105.0728,53.78,39,100,6.06,MX,1614569569
254,arzgir,45.3728,44.2206,32.95,95,65,8.08,RU,1614569570
255,kulhudhuffushi,6.6221,73.07,82.74,60,66,2.51,MV,1614569570
256,erzin,36.9559,36.2,55.0,69,21,1.57,TR,1614569570
257,goderich,43.7501,-81.7165,39.2,100,100,13.8,CA,1614569571
258,muroto,33.2833,134.15,60.8,63,75,4.61,JP,1614569571
259,bukama,-9.2,25.85,67.08,95,100,0.94,CD,1614569571
260,vila velha,-20.3297,-40.2925,82.99,100,75,3.44,BR,1614569572
261,quatre cocos,-20.2078,57.7625,82.0,88,40,3.44,MU,1614569572
262,sao jose da coroa grande,-8.8978,-35.1478,77.86,83,2,6.17,BR,1614569572
263,qingdao,36.0986,120.3719,36.0,93,90,17.9,CN,1614569572
264,anito,12.4497,125.2886,84.07,69,95,9.42,PH,1614569573
265,macapa,0.0389,-51.0664,78.8,94,75,3.44,BR,1614569573
266,navahrudak,53.6,25.8333,31.01,99,72,4.23,BY,1614569574
267,houma,29.5958,-90.7195,73.4,94,40,5.75,US,1614569574
268,saint george,37.1041,-113.5841,46.0,15,1,16.11,US,1614569370
269,sinnamary,5.3833,-52.95,76.51,85,99,10.31,GF,1614569574
270,tezu,27.9167,96.1667,76.77,38,96,0.22,IN,1614569575
271,hinton,53.4001,-117.5857,37.4,52,100,8.05,CA,1614569575
272,japura,-0.3167,102.35,93.33,50,13,2.04,ID,1614569575
273,whitianga,-36.8333,175.7,68.88,67,95,7.27,NZ,1614569576
274,jiuquan,39.7432,98.5174,38.3,56,0,9.31,CN,1614569577
275,romitan,39.9343,64.3814,35.6,64,0,6.91,UZ,1614569577
276,safranbolu,41.2508,32.6942,28.65,96,98,2.13,TR,1614569577
277,praia,14.9215,-23.5087,66.2,59,75,18.41,CV,1614569578
278,hambantota,6.1241,81.1185,80.6,78,0,8.05,LK,1614569537
279,kaele,10.1092,14.4508,73.99,18,0,12.66,CM,1614569578
280,yaan,7.3833,8.5667,73.8,91,10,5.88,NG,1614569578
281,biak,-0.9131,122.8766,86.11,58,100,2.95,ID,1614569578
282,la ronge,55.1001,-105.2842,-20.2,63,81,1.14,CA,1614569425
283,asau,46.4333,26.4,35.01,72,100,2.84,RO,1614569579
284,quelimane,-17.8786,36.8883,71.96,96,19,6.26,MZ,1614569579
285,aanekoski,62.6946,25.818,36.0,80,0,10.36,FI,1614569580
286,saint-louis,16.3333,-15.0,68.0,37,0,2.3,SN,1614569580
287,morondava,-20.2833,44.2833,79.12,84,63,5.88,MG,1614569580
288,haines junction,60.7522,-137.5108,19.4,63,100,12.66,CA,1614569581
289,monrovia,6.3005,-10.7969,75.2,94,75,2.51,LR,1614569536
290,valdivia,-39.8142,-73.2459,68.0,68,67,8.05,CL,1614569405
291,caiaponia,-16.9567,-51.8103,63.64,96,91,3.56,BR,1614569581
292,ereymentau,51.6199,73.1033,30.49,89,72,19.13,KZ,1614569581
293,kosh-agach,50.0,88.6667,4.32,83,100,1.16,RU,1614569581
294,okato,-39.2,173.8833,68.0,76,100,8.01,NZ,1614569582
295,kruisfontein,-34.0033,24.7314,63.0,94,35,5.37,ZA,1614569582
296,hualmay,-11.0964,-77.6139,72.16,71,81,5.21,PE,1614569582
297,viseu,40.661,-7.9097,44.01,89,0,2.93,PT,1614569583
298,livingston,55.9029,-3.5226,42.01,87,90,3.44,GB,1614569583
299,bairiki,1.3292,172.9752,84.2,74,20,12.66,KI,1614569583
300,qasigiannguit,68.8193,-51.1922,1.4,92,75,25.32,GL,1614569584
301,sun city west,33.662,-112.3413,55.0,13,1,6.91,US,1614569584
302,nizwa,22.9333,57.5333,70.45,41,0,1.1,OM,1614569584
303,nanortalik,60.1432,-45.2371,23.0,82,67,14.41,GL,1614569584
304,petatlan,17.5167,-101.2667,69.51,71,17,2.46,MX,1614569422
305,vao,-22.6667,167.4833,78.06,79,8,14.03,NC,1614569586
306,maceio,-9.6658,-35.7353,75.2,88,75,14.97,BR,1614569370
307,banjar,-8.19,114.9675,84.2,74,20,8.05,ID,1614569586
308,geraldton,-28.7667,114.6,84.2,48,66,18.41,AU,1614569456
309,broken hill,-31.95,141.4333,82.4,23,5,13.8,AU,1614569586
310,port augusta,-32.5,137.7667,93.0,50,9,19.57,AU,1614569587
311,bagan,54.1001,77.6646,20.75,98,100,5.32,RU,1614569587
312,baruun-urt,46.6806,113.2792,5.11,90,17,5.39,MN,1614569587
313,panama city,8.9936,-79.5197,78.8,78,75,6.91,PA,1614569387
314,murray bridge,-35.1167,139.2667,71.01,57,51,17.0,AU,1614569409
315,port pirie,-33.1833,138.0167,75.2,50,28,19.57,AU,1614569588
316,berekum,7.4534,-2.584,72.88,92,53,4.03,GH,1614569589
317,ambulu,-8.345,113.6058,86.31,61,43,5.01,ID,1614569589
318,luderitz,-26.6481,15.1594,66.87,74,56,6.22,NA,1614569589
319,ardakan,32.31,54.0175,44.6,61,75,2.3,IR,1614569590
320,weligama,5.9667,80.4167,82.29,58,14,8.43,LK,1614569590
321,cocorit,27.5833,-109.9667,65.61,25,63,11.21,MX,1614569591
322,pringsewu,-5.3582,104.9744,87.21,60,87,4.34,ID,1614569591
323,maumere,-8.6199,122.2111,82.29,71,54,1.5,ID,1614569591
324,taoudenni,22.6783,-3.9836,61.36,27,0,6.46,ML,1614569591
325,jiwani,25.05,61.7417,70.29,32,0,10.78,PK,1614569592
326,ormara,25.2088,64.6357,72.25,25,0,6.98,PK,1614569593
327,kamsack,51.5667,-101.9009,-2.2,78,1,5.14,CA,1614569594
328,nalut,30.3333,10.85,50.85,46,0,12.57,LY,1614569594
329,yazman,29.1212,71.7446,70.77,22,0,8.61,PK,1614569595
330,pachperwa,27.5167,82.65,83.8,15,0,8.34,IN,1614569595
331,tarauaca,-8.1614,-70.7656,72.32,97,71,1.83,BR,1614569595
332,belmonte,-15.8631,-38.8828,78.8,73,40,6.91,BR,1614569595
333,bilibino,68.0546,166.4372,-12.3,82,0,4.07,RU,1614569595
334,makokou,0.5738,12.8642,70.86,95,98,3.13,GA,1614569596
335,roseburg,43.2165,-123.3417,51.8,62,1,1.74,US,1614569596
336,darhan,49.4867,105.9228,6.33,84,0,6.85,MN,1614569596
337,kupang,-10.1667,123.5833,84.2,79,40,8.05,ID,1614569596
338,paragould,36.0584,-90.4973,57.2,100,90,5.75,US,1614569597
339,paragominas,-2.9667,-47.4833,71.62,98,100,2.46,BR,1614569594
340,isangel,-19.55,169.2667,87.8,70,75,9.22,VU,1614569597
341,songea,-10.6833,35.65,64.4,94,75,0.85,TZ,1614569598
342,pacific grove,36.6177,-121.9166,52.0,86,4,2.91,US,1614569541
343,antalaha,-14.9003,50.2788,77.97,82,100,4.85,MG,1614569598
344,collipulli,-37.95,-72.4333,56.62,86,19,6.6,CL,1614569598
345,farmington,36.7281,-108.2187,30.2,27,1,4.61,US,1614569303
346,labuan,5.2767,115.2417,84.2,74,40,2.3,MY,1614569599
347,muromtsevo,56.3724,75.2418,2.55,93,99,9.86,RU,1614569599
348,santa fe,-31.6333,-60.7,81.0,60,8,1.99,AR,1614569599
349,maridi,4.9158,29.4742,68.74,34,0,4.27,SS,1614569599
350,dubti,11.7361,41.0853,74.41,56,65,9.78,ET,1614569480
351,jumla,29.2747,82.1838,56.89,28,25,3.49,NP,1614569600
352,ibotirama,-12.1853,-43.2206,70.3,72,62,2.75,BR,1614569600
353,sechura,-5.5569,-80.8222,77.86,61,95,9.19,PE,1614569541
354,mount gambier,-37.8333,140.7667,59.0,94,75,21.85,AU,1614569415
355,norman wells,65.282,-126.8329,-23.8,69,90,12.66,CA,1614569601
356,college,64.8569,-147.8028,0.0,71,90,0.96,US,1614569601
357,port moresby,-9.4431,147.1797,87.8,58,75,11.5,PG,1614569471
358,roald,62.5833,6.1333,43.0,87,90,24.16,NO,1614569602
359,mallow,52.1333,-8.6333,39.2,87,20,9.22,IE,1614569602
360,ouadda,8.0777,22.4007,74.71,19,0,9.4,CF,1614569602
361,keith,57.5363,-2.9481,46.4,70,75,8.05,GB,1614569603
362,sisimiut,66.9395,-53.6735,3.63,96,100,26.82,GL,1614569603
363,zeya,53.75,127.2667,-3.14,75,0,8.21,RU,1614569603
364,natal,-5.795,-35.2094,77.0,94,75,4.61,BR,1614569603
365,colac,-38.3333,143.5833,66.0,1,64,5.01,AU,1614569604
366,parry sound,45.3501,-80.033,39.2,93,100,16.82,CA,1614569552
367,bambous virieux,-20.3428,57.7575,82.0,88,40,3.44,MU,1614569605
368,jatibonico,21.9419,-79.17,72.09,86,0,8.46,CU,1614569605
369,palaikastron,35.2,26.25,54.0,49,0,30.27,GR,1614569605
370,bac lieu,9.285,105.7244,86.27,62,12,15.68,VN,1614569605
371,santa vitoria do palmar,-33.5189,-53.3681,69.67,82,82,10.02,BR,1614569606
372,longyearbyen,78.2186,15.6401,15.8,67,75,6.91,SJ,1614569606
373,sumter,28.7086,-82.0831,71.01,89,46,2.06,US,1614569607
374,banposh,22.25,84.8,87.03,16,0,2.28,IN,1614569607
375,mozarlandia,-14.7447,-50.5706,71.19,93,100,2.42,BR,1614569607
376,dudinka,69.4058,86.1778,-31.86,83,35,11.65,RU,1614569607
377,san esteban,15.2,-85.75,69.8,100,75,2.77,HN,1614569608
378,margate,51.3813,1.3862,44.01,85,0,1.01,GB,1614569608
379,fougamou,-1.2154,10.5838,74.17,93,100,0.51,GA,1614569609
380,mar del plata,-38.0023,-57.5575,71.01,94,75,9.22,AR,1614569609
381,burnie,-41.0667,145.9167,60.12,71,29,19.8,AU,1614569610
382,port macquarie,-31.4333,152.9167,88.0,63,3,1.99,AU,1614569474
383,marawi,7.9986,124.2928,82.99,79,62,5.01,PH,1614569612
384,praia da vitoria,38.7333,-27.0667,53.01,100,20,7.43,PT,1614569612
385,san cristobal,7.7669,-72.225,66.92,83,78,2.98,VE,1614569612
386,zhigalovo,54.8097,105.1578,3.45,87,100,2.93,RU,1614569613
387,paramonga,-10.6667,-77.8333,71.4,80,100,5.19,PE,1614569613
388,salamiyah,35.0113,37.0532,47.3,94,1,8.1,SY,1614569613
389,kailua,21.4022,-157.7394,77.0,69,20,17.27,US,1614569613
390,shakiso,5.75,38.9167,58.26,59,20,3.71,ET,1614569613
391,faya,18.3851,42.4509,55.4,62,0,6.91,SA,1614569614
392,sherpur,25.0188,90.0175,81.43,47,0,10.4,BD,1614569485
393,port keats,-14.25,129.55,89.1,61,3,9.51,AU,1614569614
394,san vicente,-26.6167,-54.1333,65.32,91,0,3.2,AR,1614569614
395,doha,25.2867,51.5333,66.2,72,0,6.91,QA,1614569609
396,hit,33.6416,42.8251,52.25,38,0,1.77,IQ,1614569615
397,trairi,-3.2778,-39.2689,76.46,89,100,7.72,BR,1614569615
398,yuzhno-kurilsk,44.0306,145.8556,33.04,92,100,12.66,RU,1614569616
399,punta de piedra,7.6176,-71.4916,79.56,53,97,0.92,VE,1614569616
400,puerto escondido,15.85,-97.0667,78.8,78,1,5.79,MX,1614569616
401,tuatapere,-46.1333,167.6833,70.0,75,71,11.01,NZ,1614569617
402,ust-nera,64.5667,143.2,-12.82,78,87,3.13,RU,1614569617
403,mildura,-34.2,142.15,80.01,25,15,10.36,AU,1614569514
404,tessalit,20.1986,1.0114,64.09,24,54,3.58,ML,1614569618
405,chicama,-7.8447,-79.1469,74.52,65,57,4.74,PE,1614569618
406,cervo,43.6702,-7.4101,39.0,100,77,1.99,ES,1614569618
407,eureka,40.8021,-124.1637,46.99,87,0,1.9,US,1614569618
408,ketchikan,55.3422,-131.6461,39.2,87,90,6.91,US,1614569619
409,vardo,70.3705,31.1107,35.6,80,40,31.07,NO,1614569621
410,shatrovo,56.5167,64.6333,-4.63,91,99,7.31,RU,1614569622
411,sitka,57.0531,-135.33,39.2,75,90,14.97,US,1614569590
412,algiers,36.7525,3.042,53.6,82,0,3.44,DZ,1614569579
413,melfort,52.8667,-104.6177,-9.4,64,60,3.44,CA,1614569629
414,nouadhibou,20.931,-17.0347,60.8,82,0,13.8,MR,1614569630
415,kangaatsiaq,68.3065,-53.4641,-7.83,89,100,20.98,GL,1614569630
416,manassas,38.751,-77.4753,45.0,100,90,5.75,US,1614569576
417,yerbogachen,61.2767,108.0108,-15.81,85,94,3.33,RU,1614569631
418,pierre,44.3683,-100.351,28.0,74,90,11.5,US,1614569494
419,cacequi,-29.8836,-54.825,70.18,84,2,13.76,BR,1614569632
420,aberdeen,57.1437,-2.0981,41.0,87,90,2.3,GB,1614569632
421,puerto baquerizo moreno,-0.9,-89.6,78.01,87,59,3.04,EC,1614569633
422,bambanglipuro,-7.95,110.2833,81.91,70,100,2.21,ID,1614569633
423,makubetsu,45.3714,141.8211,30.2,64,75,20.71,JP,1614569633
424,sambava,-14.2667,50.1667,77.13,85,64,6.02,MG,1614569633
425,kushiro,42.975,144.3747,39.2,75,75,10.36,JP,1614569633
426,beidao,34.5686,105.8933,30.99,48,68,3.0,CN,1614569633
427,suaza,1.9761,-75.7945,66.72,83,48,2.91,CO,1614569634
428,abu samrah,35.3029,37.1841,47.01,88,0,8.1,SY,1614569634
429,novopavlovka,51.2172,109.2091,5.38,87,64,4.59,RU,1614569634
430,canete,-37.8,-73.4,60.12,81,16,7.36,CL,1614569635
431,sao marcos,-28.9711,-51.0681,66.0,89,23,4.0,BR,1614569635
432,sola,-13.8833,167.55,82.08,75,7,12.71,VU,1614569635
433,pestovo,58.5938,35.8024,30.33,98,100,7.16,RU,1614569635
434,lagoa,39.05,-27.9833,56.07,66,0,14.12,PT,1614569636
435,nang rong,14.6377,102.7914,84.99,59,3,4.09,TH,1614569636
436,labuhan,-6.8844,112.2051,85.73,66,19,4.25,ID,1614569636
437,hohhot,40.8106,111.6522,32.0,55,0,6.71,CN,1614569637
438,lompoc,34.6391,-120.4579,53.6,54,1,4.61,US,1614569637
439,walvis bay,-22.9575,14.5053,64.0,88,87,5.75,NA,1614569637
440,bathsheba,13.2167,-59.5167,77.0,61,40,19.57,BB,1614569637
441,alyangula,-13.8483,136.4192,89.02,54,44,7.25,AU,1614569638
442,vidim,56.4088,103.1106,-0.2,88,100,3.76,RU,1614569638
443,dryden,49.7833,-92.7503,1.4,51,1,12.66,CA,1614569639
444,isernia,41.6002,14.2382,42.01,86,0,5.93,IT,1614569341
445,hamilton,39.1834,-84.5333,59.0,94,90,10.36,US,1614569348
446,bereznik,62.8551,42.7072,25.95,93,100,8.79,RU,1614569639
447,doctor juan leon mallorquin,-25.4,-55.2667,77.0,73,0,5.75,PY,1614569639
448,kavieng,-2.5744,150.7967,84.88,68,92,9.53,PG,1614569640
449,kentau,43.5206,68.5094,40.05,51,67,2.48,KZ,1614569640
450,iskateley,67.6803,53.1512,18.25,93,100,22.08,RU,1614569640
451,nyagan,62.1406,65.3936,-13.85,88,9,4.25,RU,1614569640
452,amuntai,-2.4177,115.2494,92.12,50,61,1.92,ID,1614569376
453,mayumba,-3.432,10.6554,79.14,86,100,6.26,GA,1614569641
454,kozluk,38.1938,41.4885,39.2,81,40,2.3,TR,1614569641
455,andilamena,-17.0167,48.5833,66.61,94,77,5.03,MG,1614569641
456,inuvik,68.3499,-133.7218,-34.6,67,5,6.91,CA,1614569642
457,virginia beach,36.8529,-75.978,66.2,82,90,9.22,US,1614569569
458,lata,40.1629,-8.3327,55.99,94,75,3.44,PT,1614569643
459,chhapar,27.8167,74.4,72.59,19,0,6.31,IN,1614569643
460,pangnirtung,66.1451,-65.7125,-18.4,69,90,4.61,CA,1614569644
461,acapulco,16.8634,-99.8901,78.8,73,1,6.91,MX,1614569419
462,da nang,16.0678,108.2208,77.97,82,89,9.06,VN,1614569378
463,qujing,25.4833,103.7833,55.99,49,25,8.01,CN,1614569644
464,correia pinto,-27.5847,-50.3611,62.22,91,97,7.99,BR,1614569644
465,maniitsoq,65.4167,-52.9,5.67,91,100,10.54,GL,1614569645
466,san carlos,9.6612,-68.5827,70.97,73,39,3.91,VE,1614569645
467,nioro,13.35,-15.75,69.28,28,49,6.26,GM,1614569645
468,solnechnyy,50.7214,136.6319,6.17,84,13,2.37,RU,1614569646
469,fortuna,40.5982,-124.1573,46.0,88,0,2.33,US,1614569646
470,mehamn,71.0357,27.8492,36.99,82,97,32.06,NO,1614569646
471,konanur,12.6264,76.0542,79.61,37,0,4.25,IN,1614569647
472,khorramshahr,30.4397,48.1664,62.6,72,75,11.5,IR,1614569647
473,charters towers,-20.1,146.2667,74.39,74,100,18.05,AU,1614569647
474,bacolod,10.6667,122.95,85.55,61,86,9.93,PH,1614569516
475,gimli,50.6336,-96.9907,-5.8,59,40,9.22,CA,1614569648
476,mount isa,-20.7333,139.5,98.6,28,40,16.11,AU,1614569648
477,salinas,36.6777,-121.6555,57.2,44,1,9.22,US,1614569648
478,kutum,14.2,24.6667,54.14,35,0,8.43,SD,1614569649
479,petropavlovsk-kamchatskiy,53.0452,158.6483,30.2,40,18,17.9,RU,1614569649
480,lehututu,-23.9667,21.8667,63.54,76,0,10.58,BW,1614569650
481,piracuruca,-3.9281,-41.7092,73.36,95,100,1.61,BR,1614569650
482,andreyevo,55.9465,41.1505,17.58,98,98,4.32,RU,1614569651
483,mattru,7.6244,-11.8332,77.47,87,95,1.45,SL,1614569651
484,lavrentiya,65.5833,-171.0,-13.63,90,97,12.62,RU,1614569651
485,oranjestad,12.524,-70.027,78.8,73,20,17.27,AW,1614569545
486,rabo de peixe,37.8,-25.5833,55.4,100,75,18.41,PT,1614569651
487,rocha,-34.4833,-54.3333,64.18,94,18,5.86,UY,1614569652
488,touros,-5.1989,-35.4608,75.2,94,75,3.44,BR,1614569652
489,saurimo,-9.6608,20.3916,66.81,94,100,3.53,AO,1614569652
490,tutoia,-2.7619,-42.2744,79.5,80,98,10.58,BR,1614569653
491,atambua,-9.1061,124.8925,78.84,85,78,2.62,ID,1614569653
492,copiapo,-27.3667,-70.3333,64.4,77,90,5.75,CL,1614569653
493,severnoye,56.3491,78.3619,2.26,94,100,12.8,RU,1614569654
494,dengzhou,37.8086,120.7508,33.12,92,100,23.0,CN,1614569654
495,vila praia de ancora,41.811,-8.8526,54.0,87,0,3.44,PT,1614569655
496,zabaykalsk,49.6333,117.3167,1.26,63,0,3.04,RU,1614569655
497,potosi,-19.5836,-65.7531,44.58,83,1,4.7,BO,1614569655
498,beloha,-25.1667,45.05,75.51,87,85,13.04,MG,1614569655
499,mukhen,48.1,136.1,7.34,84,9,11.86,RU,1614569656
500,brae,60.3964,-1.353,44.6,93,90,21.85,GB,1614569656
501,nerchinskiy zavod,51.3088,119.61,-6.03,84,0,4.54,RU,1614569656
502,bilma,18.6853,12.9164,63.77,24,0,5.37,NE,1614569657
503,paamiut,61.994,-49.6678,6.08,82,69,11.45,GL,1614569657
504,mae chan,20.1467,99.8526,71.6,73,0,3.44,TH,1614569657
505,balad,34.0164,44.1453,52.65,34,0,4.07,IQ,1614569657
506,kamaishi,39.2667,141.8833,46.4,49,75,5.75,JP,1614569657
507,nguru,12.8791,10.4526,69.33,12,0,12.21,NG,1614569658
508,arvika,59.6553,12.5852,26.6,93,8,4.61,SE,1614569658
509,veraval,20.9,70.3667,80.28,41,0,10.69,IN,1614569658
510,seoul,37.5683,126.9778,44.6,93,90,4.61,KR,1614569614
511,big bend,-26.8167,31.9333,61.2,87,13,3.65,SZ,1614569659
512,rameswaram,9.2833,79.3,79.2,68,0,6.4,IN,1614569659
513,katima mulilo,-17.5,24.2667,62.19,84,100,7.4,NA,1614569659
514,auki,-8.7676,160.7034,79.81,87,86,9.95,SB,1614569660
515,concepcion,-36.827,-73.0498,60.8,82,0,8.05,CL,1614569660
516,kihei,20.785,-156.4656,73.4,78,40,14.97,US,1614569660
517,kaeo,-35.1,173.7833,72.0,77,64,8.99,NZ,1614569660
518,katsuura,35.1333,140.3,66.2,39,75,5.75,JP,1614569661
519,koriyama,37.4,140.3833,63.0,36,75,9.22,JP,1614569661
520,kalevala,65.2,31.1667,35.91,91,100,11.48,RU,1614569662
521,sedona,34.8697,-111.761,41.0,15,1,5.73,US,1614569531
522,valparaiso,-33.0393,-71.6273,60.01,81,0,4.34,CL,1614569425
523,el tarra,8.5756,-73.0949,72.36,78,58,2.48,CO,1614569662
524,dicabisagan,17.0818,122.4157,80.11,81,54,5.28,PH,1614569663
525,tautira,-17.7333,-149.15,84.2,79,75,11.5,PF,1614569663
526,luwuk,-0.9516,122.7875,89.49,53,99,0.6,ID,1614569664
527,nemuro,43.3236,145.575,41.0,60,75,6.91,JP,1614569664
528,patos,-7.0244,-37.28,75.63,78,1,5.88,BR,1614569665
529,bulawayo,-20.15,28.5833,56.5,92,97,14.94,ZW,1614569605
530,huarmey,-10.0681,-78.1522,72.39,76,66,6.53,PE,1614569665
531,labytnangi,66.6572,66.4183,-17.48,88,100,6.78,RU,1614569665
532,amapa,1.0,-52.0,71.56,96,100,1.86,BR,1614569666
533,vagur,61.4732,-6.8119,46.11,88,100,31.05,FO,1614569666
534,ternate,0.8,127.4,84.13,73,100,9.19,ID,1614569666
535,nicoya,10.1483,-85.452,75.24,70,93,10.42,CR,1614569649
536,along,28.1667,94.7667,62.22,90,98,0.16,IN,1614569666
537,pemba,-12.974,40.5178,73.4,100,75,3.44,MZ,1614569667
538,methoni,36.8197,21.7049,55.0,66,83,4.61,GR,1614569668
539,tank,32.2217,70.3793,71.28,21,0,1.32,PK,1614569668
540,vilyuysk,63.7553,121.6247,-22.72,85,100,7.18,RU,1614569668
541,la primavera,5.4906,-70.4092,83.5,40,49,7.67,CO,1614569668
542,port hueneme,34.1478,-119.1951,64.4,76,1,6.91,US,1614569583
543,sakakah,29.9697,40.2064,46.4,66,0,3.44,SA,1614569669
544,mati,6.9551,126.2166,87.8,70,40,3.44,PH,1614569669
545,riyadh,24.6877,46.7219,64.4,25,40,6.2,SA,1614569467
546,nichinan,31.6,131.3667,62.6,94,75,16.11,JP,1614569670
547,westport,41.1415,-73.3579,39.2,93,90,10.36,US,1614569670
548,moose factory,51.2585,-80.6094,10.4,85,90,14.97,CA,1614569670
549,mapiripan,2.8892,-72.1256,78.08,60,47,2.75,CO,1614569671
550,koscierzyna,54.1223,17.9812,33.8,100,90,9.22,PL,1614569671
551,castanos,26.7833,-101.4167,70.21,63,74,4.41,MX,1614569671
